{"mean_std_normalization": [{"mean radius": [14.590157940190567, 18.6543302727716], "mean texture": [18.974776091576302, 26.00825778082995], "mean perimeter": [83.0655091457959, 142.6561887983125], "mean area": [554.9625593958815, 2008.4340419879006], "mean smoothness": [0.10060482257411751, 0.07565021016753153], "mean compactness": [0.0915360080030298, 0.3192365344434233], "mean concavity": [0.0825154148357034, 0.46200317712197], "mean concave points": [0.045307399530240995, 0.22710441134688197], "mean symmetry": [0.18686566368802654, 0.15252006995086365], "mean fractal dimension": [0.062493139560571266, 0.040029902967784546], "radius error": [0.37551335112762907, 1.6965446565464641], "texture error": [1.2708951728045523, 3.016904530954314], "perimeter error": [2.802956990691304, 12.47172720435233], "area error": [20.117578304886745, 269.23986771142455], "smoothness error": [0.007362882941735516, 0.017585704041874033], "compactness error": [0.02234809998863814, 0.09792701709406315], "concavity error": [0.031111393838944467, 0.16615568570818204], "concave points error": [0.012003830510569998, 0.03890271802615928], "symmetry error": [0.022115455393194438, 0.04593423631952456], "fractal dimension error": [0.004096524448151736, 0.01588948943673723], "worst radius": [15.834539973515943, 28.044512275121846], "worst texture": [27.650342797467122, 35.8017473470208], "worst perimeter": [104.64123443277242, 197.53937197488116], "worst area": [551.8097862828865, 3664.3979729745097], "worst smoothness": [0.1386937782074874, 0.15059336764768944], "worst compactness": [0.276338021485109, 0.9711784829589822], "worst concavity": [0.3050854381338691, 1.195618405888571], "worst concave points": [0.10786189994048902, 0.39180850118294275], "worst symmetry": [0.2802852207345241, 0.37762336939110647], "worst fractal dimension": [0.0820163251531553, 0.1129284143819479], "target": [0.6373626373626373, 0.48129056305930756]}], "number_of_splits": 1, "training_split": 0.8, "validation_split": 0.2, "test_split": 0.0, "variables": {"mean radius": {"name": "mean radius", "source": "sklearn"}, "mean texture": {"name": "mean texture", "source": "sklearn"}, "mean perimeter": {"name": "mean perimeter", "source": "sklearn"}, "mean area": {"name": "mean area", "source": "sklearn"}, "mean smoothness": {"name": "mean smoothness", "source": "sklearn"}, "mean compactness": {"name": "mean compactness", "source": "sklearn"}, "mean concavity": {"name": "mean concavity", "source": "sklearn"}, "mean concave points": {"name": "mean concave points", "source": "sklearn"}, "mean symmetry": {"name": "mean symmetry", "source": "sklearn"}, "mean fractal dimension": {"name": "mean fractal dimension", "source": "sklearn"}, "radius error": {"name": "radius error", "source": "sklearn"}, "texture error": {"name": "texture error", "source": "sklearn"}, "perimeter error": {"name": "perimeter error", "source": "sklearn"}, "area error": {"name": "area error", "source": "sklearn"}, "smoothness error": {"name": "smoothness error", "source": "sklearn"}, "compactness error": {"name": "compactness error", "source": "sklearn"}, "concavity error": {"name": "concavity error", "source": "sklearn"}, "concave points error": {"name": "concave points error", "source": "sklearn"}, "symmetry error": {"name": "symmetry error", "source": "sklearn"}, "fractal dimension error": {"name": "fractal dimension error", "source": "sklearn"}, "worst radius": {"name": "worst radius", "source": "sklearn"}, "worst texture": {"name": "worst texture", "source": "sklearn"}, "worst perimeter": {"name": "worst perimeter", "source": "sklearn"}, "worst area": {"name": "worst area", "source": "sklearn"}, "worst smoothness": {"name": "worst smoothness", "source": "sklearn"}, "worst compactness": {"name": "worst compactness", "source": "sklearn"}, "worst concavity": {"name": "worst concavity", "source": "sklearn"}, "worst concave points": {"name": "worst concave points", "source": "sklearn"}, "worst symmetry": {"name": "worst symmetry", "source": "sklearn"}, "worst fractal dimension": {"name": "worst fractal dimension", "source": "sklearn"}}}