{"mean_std_normalization": [{"mean radius": [12.43284839650146, 1.8206964207361258], "mean texture": [17.279117647058822, 2.7186301075421357], "mean perimeter": [80.26049562682215, 12.3907911258481], "mean area": [485.47026239067054, 139.37554255186546], "mean smoothness": [0.09014447761194029, 0.009411602166478678], "mean compactness": [0.08062389534883721, 0.0271037025635565], "mean concavity": [0.05098076297376094, 0.034902299573280005], "mean concave points": [0.03013289736070381, 0.01837825946548287], "mean symmetry": [0.16928269794721407, 0.01699574409684832], "mean fractal dimension": [0.059597492711370256, 0.003708694795603303], "radius error": [0.28092375366568917, 0.09014781256677522], "texture error": [0.9641169590643274, 0.2797573301246413], "perimeter error": [2.0042666666666666, 0.6334371061148066], "area error": [22.359636627906976, 8.799454848204704], "smoothness error": [0.005698218934911243, 0.0012934878753494419], "compactness error": [0.01757219005847953, 0.007483774375615611], "concavity error": [0.02038285835777126, 0.010809039829840779], "concave points error": [0.009142357771260998, 0.00337879866414081], "symmetry error": [0.0169092944606414, 0.003396940411837896], "fractal dimension error": [0.002760570882352941, 0.0008759152046784151], "worst radius": [13.8933567251462, 2.2514257525609893], "worst texture": [22.788735294117647, 4.003213737075421], "worst perimeter": [90.9157894736842, 15.941082407389564], "worst area": [605.0081871345029, 192.79936129501434], "worst smoothness": [0.12259389380530974, 0.015359862843416637], "worst compactness": [0.18294688953488372, 0.07349830142960669], "worst concavity": [0.17797372173913042, 0.10993238020067217], "worst concave points": [0.08374658187134504, 0.04058281010669461], "worst symmetry": [0.26450523255813957, 0.034336446759078806], "worst fractal dimension": [0.07589472463768117, 0.008451825831165154]}], "number_of_splits": 1, "training_split": 0.8, "validation_split": 0.2, "test_split": 0.0, "variables": {"mean radius": {"name": "mean radius", "source": "sklearn"}, "mean texture": {"name": "mean texture", "source": "sklearn"}, "mean perimeter": {"name": "mean perimeter", "source": "sklearn"}, "mean area": {"name": "mean area", "source": "sklearn"}, "mean smoothness": {"name": "mean smoothness", "source": "sklearn"}, "mean compactness": {"name": "mean compactness", "source": "sklearn"}, "mean concavity": {"name": "mean concavity", "source": "sklearn"}, "mean concave points": {"name": "mean concave points", "source": "sklearn"}, "mean symmetry": {"name": "mean symmetry", "source": "sklearn"}, "mean fractal dimension": {"name": "mean fractal dimension", "source": "sklearn"}, "radius error": {"name": "radius error", "source": "sklearn"}, "texture error": {"name": "texture error", "source": "sklearn"}, "perimeter error": {"name": "perimeter error", "source": "sklearn"}, "area error": {"name": "area error", "source": "sklearn"}, "smoothness error": {"name": "smoothness error", "source": "sklearn"}, "compactness error": {"name": "compactness error", "source": "sklearn"}, "concavity error": {"name": "concavity error", "source": "sklearn"}, "concave points error": {"name": "concave points error", "source": "sklearn"}, "symmetry error": {"name": "symmetry error", "source": "sklearn"}, "fractal dimension error": {"name": "fractal dimension error", "source": "sklearn"}, "worst radius": {"name": "worst radius", "source": "sklearn"}, "worst texture": {"name": "worst texture", "source": "sklearn"}, "worst perimeter": {"name": "worst perimeter", "source": "sklearn"}, "worst area": {"name": "worst area", "source": "sklearn"}, "worst smoothness": {"name": "worst smoothness", "source": "sklearn"}, "worst compactness": {"name": "worst compactness", "source": "sklearn"}, "worst concavity": {"name": "worst concavity", "source": "sklearn"}, "worst concave points": {"name": "worst concave points", "source": "sklearn"}, "worst symmetry": {"name": "worst symmetry", "source": "sklearn"}, "worst fractal dimension": {"name": "worst fractal dimension", "source": "sklearn"}}}